{"cameraMode":{"drawMode":0,"name":"Shaded","section":"Shading Mode"},"sceneLighting":false,"audioPlay":false,"sceneViewState":{"m_AlwaysRefresh":false,"showFog":true,"showSkybox":false,"showFlares":true,"showImageEffects":true,"showParticleSystems":true,"showVisualEffectGraphs":true,"m_FxEnabled":true},"in2DMode":false,"pivot":{"x":-0.2950000762939453,"y":1.6924998760223389,"z":0.8999999165534973},"rotation":{"x":-0.05722267925739288,"y":0.04401027411222458,"z":-0.002524907700717449,"w":-0.997389018535614},"size":3.660550594329834,"orthographic":false}